,Date,Reddit Post Count,Twitter Post Count,Company,Reddit Upvote Sum,Open,Close,Volume
0,20-07-01,1,317034,FB,0,228.0,238.0,43399740
1,20-07-02,2,297197,FB,12,239.0,233.0,30633620
2,20-07-06,0,278204,FB,0,234.0,240.0,26206158
3,20-07-07,1,309570,FB,2,239.0,241.0,27887786
4,20-07-08,3,338002,FB,81,238.0,244.0,29791340
5,20-07-09,0,285488,FB,0,245.0,244.0,22174896
6,20-07-10,0,329350,FB,0,244.0,245.0,22982716
7,20-07-13,1,321903,FB,1,247.0,239.0,24674874
8,20-07-14,1,314377,FB,3,237.0,240.0,23378056
9,20-07-15,1,310177,FB,1,242.0,240.0,19133562
10,20-07-16,3,299657,FB,5,238.0,241.0,18880704
11,20-07-17,2,289229,FB,2,241.0,242.0,18152412
12,20-07-20,0,303463,FB,0,240.0,245.0,20872224
13,20-07-21,0,280269,FB,0,246.0,242.0,19409688
14,20-07-22,2,300984,FB,2,240.0,240.0,15427885
15,20-07-23,0,296316,FB,0,240.0,233.0,21771802
16,20-07-24,5,280804,FB,41,230.0,231.0,18325812
17,20-07-27,2,301834,FB,6,231.0,234.0,13163083
18,20-07-28,1,360667,FB,1,235.0,230.0,14170112
19,20-07-29,2,336169,FB,2,231.0,233.0,13588317
20,20-07-30,1,304231,FB,0,230.0,234.0,20615306
21,20-07-31,9,278417,FB,240,256.0,254.0,53030036
22,20-08-03,2,289507,FB,3,253.0,252.0,23134104
23,20-08-04,1,405487,FB,0,252.0,250.0,17183532
24,20-08-05,0,353367,FB,0,250.0,249.0,13088361
25,20-08-06,0,355203,FB,0,249.0,265.0,45241612
26,20-08-07,3,362076,FB,3,264.0,268.0,72766368
27,20-08-10,1,312615,FB,1,268.0,263.0,30248826
28,20-08-11,2,320465,FB,91,260.0,256.0,28238284
29,20-08-12,0,436852,FB,0,259.0,260.0,21428328
30,20-08-13,1,351864,FB,1,262.0,261.0,17373970
31,20-08-14,0,340383,FB,0,262.0,261.0,14792708
32,20-08-17,1,359255,FB,3,262.0,261.0,13351062
33,20-08-18,0,368002,FB,0,261.0,262.0,18690384
34,20-08-19,1,390437,FB,1,261.0,263.0,23291464
35,20-08-20,0,381506,FB,0,262.0,269.0,20299688
36,20-08-21,1,356399,FB,2795,269.0,267.0,15538615
37,20-08-24,0,359684,FB,0,271.0,271.0,23685604
38,20-08-25,0,418794,FB,0,272.0,281.0,42127240
39,20-08-26,7,412803,FB,98,284.0,304.0,69015152
40,20-08-27,4,360434,FB,11,300.0,293.0,30301308
41,20-08-28,1,353081,FB,1,295.0,294.0,17172416
42,20-08-31,1,380582,FB,6,294.0,293.0,17345134
43,20-09-01,0,369556,FB,0,295.0,295.0,17320872
44,20-09-02,0,370663,FB,0,299.0,302.0,24341368
45,20-09-03,0,367178,FB,0,296.0,291.0,32294092
46,20-09-04,0,361043,FB,0,287.0,283.0,30333672
47,20-09-08,0,344016,FB,0,271.0,271.0,24863996
48,20-09-09,0,333705,FB,0,276.0,274.0,22918768
49,20-09-10,0,373455,FB,0,276.0,268.0,24814668
50,20-09-11,0,384323,FB,0,270.0,267.0,18913884
51,20-09-14,0,345759,FB,0,271.0,266.0,24093830
52,20-09-15,0,377280,FB,0,271.0,272.0,18478530
53,20-09-16,2,353512,FB,129,267.0,264.0,29207594
54,20-09-17,1,379133,FB,1,258.0,255.0,31281440
55,20-09-18,0,352248,FB,0,258.0,253.0,28130768
56,20-09-21,0,423018,FB,0,248.0,248.0,24709378
57,20-09-22,0,394910,FB,0,253.0,255.0,30293104
58,20-09-23,0,693815,FB,0,255.0,249.0,19641266
59,20-09-24,0,556373,FB,0,246.0,250.0,20006750
60,20-09-25,1,497808,FB,0,249.0,255.0,18351312
61,20-09-28,0,415335,FB,0,259.0,257.0,18826254
62,20-09-29,1,489493,FB,3,258.0,262.0,20215504
63,20-09-30,0,790474,FB,0,262.0,262.0,20142546
64,20-07-01,0,99259,AMZN,0,2758.0,2879.0,6363439
65,20-07-02,3,94649,AMZN,91,2912.0,2890.0,6593387
66,20-07-06,2,101706,AMZN,8,2935.0,3057.0,6880642
67,20-07-07,6,103956,AMZN,237,3059.0,3000.0,5257514
68,20-07-08,3,105281,AMZN,49,3023.0,3081.0,5037635
69,20-07-09,8,111299,AMZN,15,3116.0,3183.0,6388659
70,20-07-10,8,109735,AMZN,12,3192.0,3200.0,5485982
71,20-07-13,3,95008,AMZN,5,3251.0,3104.0,7720420
72,20-07-14,12,128843,AMZN,13,3089.0,3084.0,7231933
73,20-07-15,10,117738,AMZN,15,3080.0,3009.0,5788874
74,20-07-16,12,126516,AMZN,57,2971.0,3000.0,6394246
75,20-07-17,5,145388,AMZN,4,3009.0,2962.0,4761319
76,20-07-20,2,106619,AMZN,13,3000.0,3197.0,7598176
77,20-07-21,6,113598,AMZN,9,3232.0,3138.0,6134965
78,20-07-22,3,108214,AMZN,43,3125.0,3100.0,4104225
79,20-07-23,4,106434,AMZN,4,3098.0,2987.0,5656906
80,20-07-24,3,141877,AMZN,6,2930.0,3009.0,5632413
81,20-07-27,3,102137,AMZN,6,3062.0,3055.0,4170492
82,20-07-28,6,109168,AMZN,59,3054.0,3000.0,3126651
83,20-07-29,6,107007,AMZN,162,3031.0,3034.0,2974060
84,20-07-30,7,110965,AMZN,19,3014.0,3052.0,6128265
85,20-07-31,22,108401,AMZN,3412,3244.0,3165.0,8083369
86,20-08-03,2,104771,AMZN,2,3181.0,3112.0,5074663
87,20-08-04,4,122776,AMZN,11,3101.0,3139.0,4694294
88,20-08-05,2,122531,AMZN,1719,3144.0,3205.0,3930025
89,20-08-06,4,125017,AMZN,3,3194.0,3225.0,3940602
90,20-08-07,7,117174,AMZN,6,3224.0,3167.0,3936127
91,20-08-10,3,104168,AMZN,54,3170.0,3148.0,3167274
92,20-08-11,3,115223,AMZN,2,3113.0,3081.0,3718057
93,20-08-12,2,103433,AMZN,38,3108.0,3162.0,3527229
94,20-08-13,6,99996,AMZN,43,3183.0,3161.0,3149043
95,20-08-14,0,115568,AMZN,0,3178.0,3148.0,2751723
96,20-08-17,2,104970,AMZN,2,3173.0,3182.0,2691237
97,20-08-18,3,113807,AMZN,16,3212.0,3312.0,5345974
98,20-08-19,6,120877,AMZN,22,3303.0,3260.0,4185137
99,20-08-20,4,127708,AMZN,89,3252.0,3297.0,3332478
100,20-08-21,4,372386,AMZN,3,3295.0,3285.0,3575862
101,20-08-24,2,238565,AMZN,6,3310.0,3307.0,4666258
102,20-08-25,1,133360,AMZN,37,3295.0,3346.0,3992842
103,20-08-26,2,128453,AMZN,0,3351.0,3442.0,6508743
104,20-08-27,2,129731,AMZN,1,3450.0,3400.0,4264795
105,20-08-28,2,267203,AMZN,1360,3423.0,3402.0,2896978
106,20-08-31,1,120070,AMZN,76,3409.0,3451.0,4185885
107,20-09-01,3,126897,AMZN,2,3490.0,3499.0,3476407
108,20-09-02,0,124450,AMZN,0,3547.0,3531.0,3931476
109,20-09-03,0,124103,AMZN,0,3485.0,3368.0,8161113
110,20-09-04,0,124195,AMZN,0,3318.0,3295.0,8781754
111,20-09-08,0,126920,AMZN,0,3144.0,3150.0,6094205
112,20-09-09,0,107196,AMZN,0,3203.0,3269.0,5188675
113,20-09-10,1,94745,AMZN,20,3307.0,3175.0,5330741
114,20-09-11,1,108326,AMZN,0,3209.0,3116.0,5093982
115,20-09-14,0,130910,AMZN,0,3173.0,3103.0,4529596
116,20-09-15,2,115655,AMZN,2,3136.0,3156.0,4021535
117,20-09-16,1,120708,AMZN,39,3180.0,3078.0,4531189
118,20-09-17,1,124625,AMZN,0,3009.0,3009.0,6449050
119,20-09-18,0,211206,AMZN,0,3032.0,2955.0,8892580
120,20-09-21,1,125289,AMZN,141,2906.0,2960.0,6117925
121,20-09-22,2,136711,AMZN,1,3034.0,3129.0,6948816
122,20-09-23,1,140563,AMZN,1,3120.0,3000.0,5652665
123,20-09-24,0,123659,AMZN,0,2978.0,3020.0,5529392
124,20-09-25,3,144057,AMZN,870,3055.0,3095.0,4615202
125,20-09-28,0,120559,AMZN,0,3149.0,3174.0,4224165
126,20-09-29,0,133589,AMZN,0,3175.0,3145.0,3503398
127,20-09-30,0,117224,AMZN,0,3141.0,3149.0,4896101
128,20-07-01,2,4213,AAPL,22,91.0,91.0,110737232
129,20-07-02,2,4361,AAPL,2,92.0,91.0,114041472
130,20-07-06,0,4372,AAPL,0,92.0,93.0,118655648
131,20-07-07,0,4451,AAPL,0,94.0,93.0,112424456
132,20-07-08,1,4235,AAPL,0,94.0,95.0,117091880
133,20-07-09,5,4317,AAPL,24,96.0,96.0,125642608
134,20-07-10,5,3689,AAPL,6,95.0,96.0,90257320
135,20-07-13,2,5710,AAPL,2,97.0,95.0,191649136
136,20-07-14,6,4313,AAPL,25,95.0,97.0,170989360
137,20-07-15,9,4690,AAPL,925,99.0,98.0,153197936
138,20-07-16,5,4105,AAPL,5,97.0,97.0,110577672
139,20-07-17,5,3577,AAPL,22,97.0,96.0,92186896
140,20-07-20,0,3864,AAPL,0,96.0,98.0,90317904
141,20-07-21,4,4616,AAPL,62,99.0,97.0,103645840
142,20-07-22,8,4012,AAPL,7,97.0,97.0,89001648
143,20-07-23,5,5850,AAPL,5,97.0,93.0,197004432
144,20-07-24,13,5465,AAPL,33,91.0,93.0,185438864
145,20-07-27,4,4877,AAPL,5,94.0,95.0,121214192
146,20-07-28,4,4064,AAPL,5,94.0,93.0,103625504
147,20-07-29,4,5410,AAPL,98,94.0,95.0,90329256
148,20-07-30,9,13900,AAPL,27,94.0,96.0,158130016
149,20-07-31,42,15382,AAPL,3476,103.0,106.0,374295456
150,20-08-03,18,7732,AAPL,81,108.0,109.0,308151392
151,20-08-04,12,6428,AAPL,15,109.0,110.0,172792368
152,20-08-05,9,4317,AAPL,18,109.0,110.0,121991952
153,20-08-06,16,7037,AAPL,33,110.0,114.0,202428896
154,20-08-07,14,5710,AAPL,48,113.0,111.0,198045616
155,20-08-10,13,5385,AAPL,36,113.0,113.0,212403424
156,20-08-11,7,5509,AAPL,19,112.0,109.0,187902368
157,20-08-12,11,5226,AAPL,269,110.0,113.0,165944816
158,20-08-13,18,8007,AAPL,914,114.0,115.0,210082064
159,20-08-14,14,5946,AAPL,496,115.0,115.0,165565216
160,20-08-17,6,5116,AAPL,20,116.0,115.0,119561440
161,20-08-18,7,5087,AAPL,6,114.0,116.0,105633536
162,20-08-19,9,9511,AAPL,2881,116.0,116.0,145538016
163,20-08-20,20,7781,AAPL,2610,116.0,118.0,126907184
164,20-08-21,20,12279,AAPL,67,119.0,124.0,338054656
165,20-08-24,15,10852,AAPL,12,129.0,126.0,345937760
166,20-08-25,14,8643,AAPL,147,125.0,125.0,211495792
167,20-08-26,20,7756,AAPL,50,126.0,127.0,163022272
168,20-08-27,10,6996,AAPL,19,127.0,125.0,155552384
169,20-08-28,5,7393,AAPL,6,126.0,125.0,187629920
170,20-08-31,18,15013,AAPL,126,128.0,129.0,225702688
171,20-09-01,18,11221,AAPL,2311,133.0,134.0,152470144
172,20-09-02,0,9236,AAPL,0,138.0,131.0,200118992
173,20-09-03,4,9579,AAPL,42,127.0,121.0,257599648
174,20-09-04,0,9928,AAPL,0,120.0,121.0,332607168
175,20-09-08,0,7781,AAPL,0,114.0,113.0,231366560
176,20-09-09,1,6428,AAPL,6,117.0,117.0,176940448
177,20-09-10,2,5203,AAPL,177,120.0,113.0,182274384
178,20-09-11,1,5884,AAPL,0,115.0,112.0,180860320
179,20-09-14,0,5174,AAPL,0,115.0,115.0,140150080
180,20-09-15,2,9952,AAPL,23,118.0,116.0,184642032
181,20-09-16,3,6148,AAPL,89,115.0,112.0,155026672
182,20-09-17,2,5932,AAPL,1,110.0,110.0,178010976
183,20-09-18,1,11310,AAPL,1417,110.0,107.0,287104896
184,20-09-21,1,7662,AAPL,1,105.0,110.0,195713808
185,20-09-22,1,6849,AAPL,1,113.0,112.0,183055376
186,20-09-23,0,5794,AAPL,0,112.0,107.0,150718672
187,20-09-24,3,6139,AAPL,2,105.0,108.0,167743344
188,20-09-25,0,6157,AAPL,0,108.0,112.0,149981440
189,20-09-28,0,4709,AAPL,0,115.0,115.0,137672400
190,20-09-29,1,4534,AAPL,2080,115.0,114.0,100060528
191,20-09-30,1,4483,AAPL,3,114.0,116.0,142675184
192,20-07-01,0,2127,NFLX,0,454.0,486.0,9705870
193,20-07-02,1,2324,NFLX,1,486.0,477.0,6351485
194,20-07-06,0,1817,NFLX,0,482.0,494.0,7838990
195,20-07-07,1,1464,NFLX,2,497.0,493.0,5669870
196,20-07-08,1,1457,NFLX,1,498.0,503.0,5691682
197,20-07-09,0,1299,NFLX,0,509.0,508.0,5840541
198,20-07-10,0,2957,NFLX,0,520.0,549.0,21605588
199,20-07-13,1,2920,NFLX,5,568.0,526.0,18399020
200,20-07-14,1,2166,NFLX,0,512.0,525.0,15083300
201,20-07-15,3,1845,NFLX,1,516.0,523.0,10066652
202,20-07-16,3,7498,NFLX,3,526.0,527.0,24498994
203,20-07-17,18,5410,NFLX,1665,495.0,493.0,24991352
204,20-07-20,3,2057,NFLX,1,489.0,502.0,11940306
205,20-07-21,2,1744,NFLX,153,506.0,490.0,9127218
206,20-07-22,2,1631,NFLX,3,492.0,490.0,6954078
207,20-07-23,2,1814,NFLX,2,490.0,478.0,7722034
208,20-07-24,1,1869,NFLX,14,469.0,480.0,7746247
209,20-07-27,0,1504,NFLX,0,484.0,496.0,7863069
210,20-07-28,2,1262,NFLX,36,496.0,489.0,5986727
211,20-07-29,1,1364,NFLX,0,492.0,484.0,6611769
212,20-07-30,0,1304,NFLX,0,481.0,486.0,6608569
213,20-07-31,0,1187,NFLX,0,488.0,489.0,5924310
214,20-08-03,0,1446,NFLX,0,491.0,499.0,5876190
215,20-08-04,5,1366,NFLX,1595,501.0,510.0,5607968
216,20-08-05,0,1192,NFLX,0,508.0,502.0,4313526
217,20-08-06,0,1288,NFLX,0,503.0,509.0,3725861
218,20-08-07,1,1450,NFLX,1,505.0,495.0,5910348
219,20-08-10,0,1362,NFLX,0,494.0,483.0,4691185
220,20-08-11,0,1668,NFLX,0,479.0,467.0,7329226
221,20-08-12,1,1591,NFLX,1,471.0,475.0,5441243
222,20-08-13,0,1324,NFLX,0,478.0,481.0,3008933
223,20-08-14,1,1402,NFLX,7,483.0,483.0,2943487
224,20-08-17,0,1289,NFLX,0,484.0,482.0,2423545
225,20-08-18,0,1591,NFLX,0,484.0,492.0,3505518
226,20-08-19,0,1585,NFLX,0,494.0,485.0,3156218
227,20-08-20,0,1954,NFLX,0,485.0,498.0,5132480
228,20-08-21,2,1837,NFLX,10,496.0,492.0,3921293
229,20-08-24,0,1265,NFLX,0,495.0,489.0,4762183
230,20-08-25,0,1620,NFLX,0,488.0,491.0,5727721
231,20-08-26,2,3759,NFLX,0,493.0,548.0,20373680
232,20-08-27,3,2164,NFLX,4,538.0,526.0,9062912
233,20-08-28,2,1440,NFLX,3,532.0,524.0,4417517
234,20-08-31,3,1712,NFLX,14,521.0,530.0,4941409
235,20-09-01,1,2177,NFLX,7,533.0,557.0,9513685
236,20-09-02,0,1772,NFLX,0,554.0,553.0,5886930
237,20-09-03,0,2034,NFLX,0,544.0,526.0,9071089
238,20-09-04,0,1497,NFLX,0,520.0,516.0,8270118
239,20-09-08,0,1533,NFLX,0,498.0,507.0,5572684
240,20-09-09,0,1503,NFLX,0,520.0,500.0,6848127
241,20-09-10,0,2312,NFLX,0,504.0,481.0,6240181
242,20-09-11,0,1715,NFLX,0,486.0,482.0,5035200
243,20-09-14,0,1679,NFLX,0,480.0,476.0,7359126
244,20-09-15,0,1778,NFLX,0,485.0,496.0,5336992
245,20-09-16,0,1397,NFLX,0,499.0,484.0,4401412
246,20-09-17,0,1472,NFLX,0,475.0,470.0,5379301
247,20-09-18,0,1190,NFLX,0,473.0,470.0,6717711
248,20-09-21,0,1620,NFLX,0,468.0,487.0,5457539
249,20-09-22,0,1377,NFLX,0,490.0,491.0,3482324
250,20-09-23,0,1373,NFLX,0,491.0,471.0,3726423
251,20-09-24,0,1044,NFLX,0,471.0,473.0,3727201
252,20-09-25,0,1078,NFLX,0,474.0,483.0,3769436
253,20-09-28,1,1399,NFLX,9,490.0,491.0,4773497
254,20-09-29,0,2017,NFLX,0,490.0,493.0,3543193
255,20-09-30,0,1376,NFLX,0,493.0,500.0,4634111
256,20-07-01,0,1286,GOOG,0,1411.0,1438.0,1775200
257,20-07-02,4,1070,GOOG,38,1447.0,1465.0,1859100
258,20-07-06,1,1073,GOOG,8,1480.0,1496.0,1564000
259,20-07-07,1,1187,GOOG,3,1490.0,1485.0,1458200
260,20-07-08,1,1094,GOOG,1,1494.0,1496.0,1249700
261,20-07-09,2,1081,GOOG,4,1506.0,1511.0,1423300
262,20-07-10,2,1425,GOOG,2,1506.0,1542.0,1856300
263,20-07-13,0,1326,GOOG,0,1550.0,1511.0,1846400
264,20-07-14,3,1268,GOOG,26,1490.0,1521.0,1585000
265,20-07-15,3,1223,GOOG,103,1523.0,1514.0,1610700
266,20-07-16,0,1247,GOOG,0,1500.0,1518.0,1519300
267,20-07-17,3,1056,GOOG,1,1522.0,1516.0,1456700
268,20-07-20,2,1118,GOOG,3,1515.0,1566.0,1557300
269,20-07-21,1,1315,GOOG,1,1587.0,1558.0,1218600
270,20-07-22,0,1243,GOOG,0,1560.0,1568.0,932000
271,20-07-23,2,1139,GOOG,2,1567.0,1516.0,1627600
272,20-07-24,5,1226,GOOG,39,1499.0,1512.0,1544000
273,20-07-27,1,1465,GOOG,0,1516.0,1530.0,2491980
274,20-07-28,0,1267,GOOG,0,1525.0,1500.0,1702200
275,20-07-29,1,2340,GOOG,1,1506.0,1522.0,1106500
276,20-07-30,1,3343,GOOG,0,1497.0,1531.0,1671400
277,20-07-31,9,2805,GOOG,370,1505.0,1483.0,3439900
278,20-08-03,1,1545,GOOG,7,1487.0,1474.0,4660400
279,20-08-04,2,1177,GOOG,1,1477.0,1465.0,1903500
280,20-08-05,2,937,GOOG,1,1469.0,1474.0,1979500
281,20-08-06,2,1103,GOOG,13,1472.0,1500.0,1995400
282,20-08-07,2,1168,GOOG,1,1500.0,1494.0,1576600
283,20-08-10,0,1289,GOOG,0,1487.0,1496.0,1289300
284,20-08-11,2,1513,GOOG,1,1492.0,1480.0,1454400
285,20-08-12,1,1495,GOOG,1,1486.0,1507.0,1437700
286,20-08-13,4,1217,GOOG,32,1510.0,1518.0,1455200
287,20-08-14,3,1220,GOOG,6,1516.0,1508.0,1354800
288,20-08-17,4,1258,GOOG,139,1515.0,1518.0,1378300
289,20-08-18,0,1257,GOOG,0,1526.0,1559.0,2027100
290,20-08-19,0,1207,GOOG,0,1553.0,1548.0,1660600
291,20-08-20,1,1173,GOOG,86,1543.0,1582.0,1706900
292,20-08-21,1,1377,GOOG,3,1577.0,1580.0,1446500
293,20-08-24,0,1018,GOOG,0,1594.0,1588.0,2819800
294,20-08-25,0,1355,GOOG,0,1582.0,1608.0,2247100
295,20-08-26,6,1491,GOOG,38,1608.0,1652.0,3993400
296,20-08-27,2,1548,GOOG,64,1654.0,1634.0,1861600
297,20-08-28,3,1087,GOOG,2,1633.0,1644.0,1499800
298,20-08-31,0,1218,GOOG,0,1648.0,1634.0,3646806
299,20-09-01,2,1126,GOOG,1,1637.0,1661.0,1826700
300,20-09-02,0,1119,GOOG,0,1674.0,1728.0,2511200
301,20-09-03,0,1455,GOOG,0,1710.0,1642.0,3107800
302,20-09-04,0,1322,GOOG,0,1624.0,1591.0,2608600
303,20-09-08,0,1130,GOOG,0,1534.0,1532.0,5218900
304,20-09-09,0,1203,GOOG,0,1558.0,1557.0,1774700
305,20-09-10,0,1255,GOOG,0,1561.0,1532.0,1618600
306,20-09-11,0,1158,GOOG,0,1536.0,1521.0,1597100
307,20-09-14,0,1233,GOOG,0,1539.0,1519.0,1694300
308,20-09-15,1,1434,GOOG,1,1536.0,1541.0,1331100
309,20-09-16,2,1205,GOOG,34,1556.0,1521.0,1311700
310,20-09-17,0,1426,GOOG,0,1496.0,1496.0,1879800
311,20-09-18,0,1516,GOOG,0,1498.0,1460.0,3103900
312,20-09-21,0,1241,GOOG,0,1440.0,1431.0,2888800
313,20-09-22,0,1248,GOOG,0,1450.0,1465.0,1583200
314,20-09-23,0,1329,GOOG,0,1459.0,1415.0,1657400
315,20-09-24,0,1282,GOOG,0,1411.0,1428.0,1450200
316,20-09-25,1,1261,GOOG,52,1433.0,1445.0,1323000
317,20-09-28,0,1241,GOOG,0,1474.0,1465.0,2007900
318,20-09-29,2,1822,GOOG,2083,1470.0,1469.0,978200
319,20-09-30,0,1255,GOOG,0,1467.0,1470.0,1700600
