,Date,Reddit Post Count,Reddit Upvote Sum,Company
0,20-07-01,1,0,FB
1,20-07-02,2,12,FB
2,20-07-03,1,0,FB
3,20-07-04,2,12,FB
4,20-07-05,0,0,FB
5,20-07-06,0,0,FB
6,20-07-07,1,2,FB
7,20-07-08,3,81,FB
8,20-07-09,0,0,FB
9,20-07-10,0,0,FB
10,20-07-11,2,1,FB
11,20-07-12,3,1,FB
12,20-07-13,1,1,FB
13,20-07-14,1,3,FB
14,20-07-15,1,1,FB
15,20-07-16,3,5,FB
16,20-07-17,2,2,FB
17,20-07-18,0,0,FB
18,20-07-19,1,5,FB
19,20-07-20,0,0,FB
20,20-07-21,0,0,FB
21,20-07-22,2,2,FB
22,20-07-23,0,0,FB
23,20-07-24,5,41,FB
24,20-07-25,1,1,FB
25,20-07-26,0,0,FB
26,20-07-27,2,6,FB
27,20-07-28,1,1,FB
28,20-07-29,2,2,FB
29,20-07-30,1,0,FB
30,20-07-31,9,240,FB
31,20-08-01,2,4,FB
32,20-08-02,4,3,FB
33,20-08-03,2,3,FB
34,20-08-04,1,0,FB
35,20-08-05,0,0,FB
36,20-08-06,0,0,FB
37,20-08-07,3,3,FB
38,20-08-08,2,1,FB
39,20-08-09,0,0,FB
40,20-08-10,1,1,FB
41,20-08-11,2,91,FB
42,20-08-12,0,0,FB
43,20-08-13,1,1,FB
44,20-08-14,0,0,FB
45,20-08-15,2,131,FB
46,20-08-16,5,17,FB
47,20-08-17,1,3,FB
48,20-08-18,0,0,FB
49,20-08-19,1,1,FB
50,20-08-20,0,0,FB
51,20-08-21,1,2795,FB
52,20-08-22,0,0,FB
53,20-08-23,1,5,FB
54,20-08-24,0,0,FB
55,20-08-25,0,0,FB
56,20-08-26,7,98,FB
57,20-08-27,4,11,FB
58,20-08-28,1,1,FB
59,20-08-29,2,1755,FB
60,20-08-30,1,86,FB
61,20-08-31,1,6,FB
62,20-09-01,0,0,FB
63,20-09-02,0,0,FB
64,20-09-03,0,0,FB
65,20-09-04,0,0,FB
66,20-09-05,0,0,FB
67,20-09-06,0,0,FB
68,20-09-07,0,0,FB
69,20-09-08,0,0,FB
70,20-09-09,0,0,FB
71,20-09-10,0,0,FB
72,20-09-11,0,0,FB
73,20-09-12,0,0,FB
74,20-09-13,1,3,FB
75,20-09-14,0,0,FB
76,20-09-15,0,0,FB
77,20-09-16,2,129,FB
78,20-09-17,1,1,FB
79,20-09-18,0,0,FB
80,20-09-19,0,0,FB
81,20-09-20,0,0,FB
82,20-09-21,0,0,FB
83,20-09-22,0,0,FB
84,20-09-23,0,0,FB
85,20-09-24,0,0,FB
86,20-09-25,1,0,FB
87,20-09-26,0,0,FB
88,20-09-27,1,0,FB
89,20-09-28,0,0,FB
90,20-09-29,1,3,FB
91,20-09-30,0,0,FB
92,20-10-01,0,0,FB
93,20-07-01,0,0,AMZN
94,20-07-02,3,91,AMZN
95,20-07-03,5,237,AMZN
96,20-07-04,2,3,AMZN
97,20-07-05,0,0,AMZN
98,20-07-06,2,8,AMZN
99,20-07-07,6,237,AMZN
100,20-07-08,3,49,AMZN
101,20-07-09,8,15,AMZN
102,20-07-10,8,12,AMZN
103,20-07-11,12,127,AMZN
104,20-07-12,1,0,AMZN
105,20-07-13,3,5,AMZN
106,20-07-14,12,13,AMZN
107,20-07-15,10,15,AMZN
108,20-07-16,12,57,AMZN
109,20-07-17,5,4,AMZN
110,20-07-18,3,62,AMZN
111,20-07-19,3,161,AMZN
112,20-07-20,2,13,AMZN
113,20-07-21,6,9,AMZN
114,20-07-22,3,43,AMZN
115,20-07-23,4,4,AMZN
116,20-07-24,3,6,AMZN
117,20-07-25,5,36,AMZN
118,20-07-26,0,0,AMZN
119,20-07-27,3,6,AMZN
120,20-07-28,6,59,AMZN
121,20-07-29,6,162,AMZN
122,20-07-30,7,19,AMZN
123,20-07-31,22,3412,AMZN
124,20-08-01,5,11,AMZN
125,20-08-02,4,31,AMZN
126,20-08-03,2,2,AMZN
127,20-08-04,4,11,AMZN
128,20-08-05,2,1719,AMZN
129,20-08-06,4,3,AMZN
130,20-08-07,7,6,AMZN
131,20-08-08,5,150,AMZN
132,20-08-09,1,4,AMZN
133,20-08-10,3,54,AMZN
134,20-08-11,3,2,AMZN
135,20-08-12,2,38,AMZN
136,20-08-13,6,43,AMZN
137,20-08-14,0,0,AMZN
138,20-08-15,1,1,AMZN
139,20-08-16,5,104,AMZN
140,20-08-17,2,2,AMZN
141,20-08-18,3,16,AMZN
142,20-08-19,6,22,AMZN
143,20-08-20,4,89,AMZN
144,20-08-21,4,3,AMZN
145,20-08-22,1,9,AMZN
146,20-08-23,8,104,AMZN
147,20-08-24,2,6,AMZN
148,20-08-25,1,37,AMZN
149,20-08-26,2,0,AMZN
150,20-08-27,2,1,AMZN
151,20-08-28,2,1360,AMZN
152,20-08-29,3,1756,AMZN
153,20-08-30,1,3,AMZN
154,20-08-31,1,76,AMZN
155,20-09-01,3,2,AMZN
156,20-09-02,0,0,AMZN
157,20-09-03,0,0,AMZN
158,20-09-04,0,0,AMZN
159,20-09-05,0,0,AMZN
160,20-09-06,0,0,AMZN
161,20-09-07,0,0,AMZN
162,20-09-08,0,0,AMZN
163,20-09-09,0,0,AMZN
164,20-09-10,1,20,AMZN
165,20-09-11,1,0,AMZN
166,20-09-12,0,0,AMZN
167,20-09-13,0,0,AMZN
168,20-09-14,0,0,AMZN
169,20-09-15,2,2,AMZN
170,20-09-16,1,39,AMZN
171,20-09-17,1,0,AMZN
172,20-09-18,0,0,AMZN
173,20-09-19,1,1,AMZN
174,20-09-20,1,0,AMZN
175,20-09-21,1,141,AMZN
176,20-09-22,2,1,AMZN
177,20-09-23,1,1,AMZN
178,20-09-24,0,0,AMZN
179,20-09-25,3,870,AMZN
180,20-09-26,1,1,AMZN
181,20-09-27,2,15,AMZN
182,20-09-28,0,0,AMZN
183,20-09-29,0,0,AMZN
184,20-09-30,0,0,AMZN
185,20-10-01,0,0,AMZN
186,20-07-01,2,22,AAPL
187,20-07-02,2,2,AAPL
188,20-07-03,2,235,AAPL
189,20-07-04,1,5,AAPL
190,20-07-05,0,0,AAPL
191,20-07-06,0,0,AAPL
192,20-07-07,0,0,AAPL
193,20-07-08,1,0,AAPL
194,20-07-09,5,24,AAPL
195,20-07-10,5,6,AAPL
196,20-07-11,1,20,AAPL
197,20-07-12,1,89,AAPL
198,20-07-13,2,2,AAPL
199,20-07-14,6,25,AAPL
200,20-07-15,9,925,AAPL
201,20-07-16,5,5,AAPL
202,20-07-17,5,22,AAPL
203,20-07-18,2,4,AAPL
204,20-07-19,4,163,AAPL
205,20-07-20,0,0,AAPL
206,20-07-21,4,62,AAPL
207,20-07-22,8,7,AAPL
208,20-07-23,5,5,AAPL
209,20-07-24,13,33,AAPL
210,20-07-25,1,1,AAPL
211,20-07-26,2,0,AAPL
212,20-07-27,4,5,AAPL
213,20-07-28,4,5,AAPL
214,20-07-29,4,98,AAPL
215,20-07-30,9,27,AAPL
216,20-07-31,42,3476,AAPL
217,20-08-01,24,275,AAPL
218,20-08-02,19,146,AAPL
219,20-08-03,18,81,AAPL
220,20-08-04,12,15,AAPL
221,20-08-05,9,18,AAPL
222,20-08-06,16,33,AAPL
223,20-08-07,14,48,AAPL
224,20-08-08,15,1915,AAPL
225,20-08-09,3,5,AAPL
226,20-08-10,13,36,AAPL
227,20-08-11,7,19,AAPL
228,20-08-12,11,269,AAPL
229,20-08-13,18,914,AAPL
230,20-08-14,14,496,AAPL
231,20-08-15,8,148,AAPL
232,20-08-16,14,29,AAPL
233,20-08-17,6,20,AAPL
234,20-08-18,7,6,AAPL
235,20-08-19,9,2881,AAPL
236,20-08-20,20,2610,AAPL
237,20-08-21,20,67,AAPL
238,20-08-22,14,75,AAPL
239,20-08-23,14,35,AAPL
240,20-08-24,15,12,AAPL
241,20-08-25,14,147,AAPL
242,20-08-26,20,50,AAPL
243,20-08-27,10,19,AAPL
244,20-08-28,5,6,AAPL
245,20-08-29,18,1774,AAPL
246,20-08-30,16,18,AAPL
247,20-08-31,18,126,AAPL
248,20-09-01,18,2311,AAPL
249,20-09-02,0,0,AAPL
250,20-09-03,4,42,AAPL
251,20-09-04,0,0,AAPL
252,20-09-05,0,0,AAPL
253,20-09-06,0,0,AAPL
254,20-09-07,0,0,AAPL
255,20-09-08,0,0,AAPL
256,20-09-09,1,6,AAPL
257,20-09-10,2,177,AAPL
258,20-09-11,1,0,AAPL
259,20-09-12,0,0,AAPL
260,20-09-13,1,1,AAPL
261,20-09-14,0,0,AAPL
262,20-09-15,2,23,AAPL
263,20-09-16,3,89,AAPL
264,20-09-17,2,1,AAPL
265,20-09-18,1,1417,AAPL
266,20-09-19,1,2,AAPL
267,20-09-20,0,0,AAPL
268,20-09-21,1,1,AAPL
269,20-09-22,1,1,AAPL
270,20-09-23,0,0,AAPL
271,20-09-24,3,2,AAPL
272,20-09-25,0,0,AAPL
273,20-09-26,0,0,AAPL
274,20-09-27,3,16,AAPL
275,20-09-28,0,0,AAPL
276,20-09-29,1,2080,AAPL
277,20-09-30,1,3,AAPL
278,20-10-01,0,0,AAPL
279,20-07-01,0,0,NFLX
280,20-07-02,1,1,NFLX
281,20-07-03,0,0,NFLX
282,20-07-04,0,0,NFLX
283,20-07-05,0,0,NFLX
284,20-07-06,0,0,NFLX
285,20-07-07,1,2,NFLX
286,20-07-08,1,1,NFLX
287,20-07-09,0,0,NFLX
288,20-07-10,0,0,NFLX
289,20-07-11,3,1638,NFLX
290,20-07-12,1,1,NFLX
291,20-07-13,1,5,NFLX
292,20-07-14,1,0,NFLX
293,20-07-15,3,1,NFLX
294,20-07-16,3,3,NFLX
295,20-07-17,18,1665,NFLX
296,20-07-18,6,146,NFLX
297,20-07-19,1,1273,NFLX
298,20-07-20,3,1,NFLX
299,20-07-21,2,153,NFLX
300,20-07-22,2,3,NFLX
301,20-07-23,2,2,NFLX
302,20-07-24,1,14,NFLX
303,20-07-25,1,2,NFLX
304,20-07-26,0,0,NFLX
305,20-07-27,0,0,NFLX
306,20-07-28,2,36,NFLX
307,20-07-29,1,0,NFLX
308,20-07-30,0,0,NFLX
309,20-07-31,0,0,NFLX
310,20-08-01,0,0,NFLX
311,20-08-02,0,0,NFLX
312,20-08-03,0,0,NFLX
313,20-08-04,5,1595,NFLX
314,20-08-05,0,0,NFLX
315,20-08-06,0,0,NFLX
316,20-08-07,1,1,NFLX
317,20-08-08,0,0,NFLX
318,20-08-09,1,89,NFLX
319,20-08-10,0,0,NFLX
320,20-08-11,0,0,NFLX
321,20-08-12,1,1,NFLX
322,20-08-13,0,0,NFLX
323,20-08-14,1,7,NFLX
324,20-08-15,0,0,NFLX
325,20-08-16,1,0,NFLX
326,20-08-17,0,0,NFLX
327,20-08-18,0,0,NFLX
328,20-08-19,0,0,NFLX
329,20-08-20,0,0,NFLX
330,20-08-21,2,10,NFLX
331,20-08-22,0,0,NFLX
332,20-08-23,1,1,NFLX
333,20-08-24,0,0,NFLX
334,20-08-25,0,0,NFLX
335,20-08-26,2,0,NFLX
336,20-08-27,3,4,NFLX
337,20-08-28,2,3,NFLX
338,20-08-29,1,2,NFLX
339,20-08-30,3,662,NFLX
340,20-08-31,3,14,NFLX
341,20-09-01,1,7,NFLX
342,20-09-02,0,0,NFLX
343,20-09-03,0,0,NFLX
344,20-09-04,0,0,NFLX
345,20-09-05,0,0,NFLX
346,20-09-06,0,0,NFLX
347,20-09-07,0,0,NFLX
348,20-09-08,0,0,NFLX
349,20-09-09,0,0,NFLX
350,20-09-10,0,0,NFLX
351,20-09-11,0,0,NFLX
352,20-09-12,0,0,NFLX
353,20-09-13,0,0,NFLX
354,20-09-14,0,0,NFLX
355,20-09-15,0,0,NFLX
356,20-09-16,0,0,NFLX
357,20-09-17,0,0,NFLX
358,20-09-18,0,0,NFLX
359,20-09-19,0,0,NFLX
360,20-09-20,0,0,NFLX
361,20-09-21,0,0,NFLX
362,20-09-22,0,0,NFLX
363,20-09-23,0,0,NFLX
364,20-09-24,0,0,NFLX
365,20-09-25,0,0,NFLX
366,20-09-26,0,0,NFLX
367,20-09-27,0,0,NFLX
368,20-09-28,1,9,NFLX
369,20-09-29,0,0,NFLX
370,20-09-30,0,0,NFLX
371,20-10-01,0,0,NFLX
372,20-07-01,0,0,GOOG
373,20-07-02,4,38,GOOG
374,20-07-03,2,30,GOOG
375,20-07-04,1,10,GOOG
376,20-07-05,0,0,GOOG
377,20-07-06,1,8,GOOG
378,20-07-07,1,3,GOOG
379,20-07-08,1,1,GOOG
380,20-07-09,2,4,GOOG
381,20-07-10,2,2,GOOG
382,20-07-11,1,0,GOOG
383,20-07-12,0,0,GOOG
384,20-07-13,0,0,GOOG
385,20-07-14,3,26,GOOG
386,20-07-15,3,103,GOOG
387,20-07-16,0,0,GOOG
388,20-07-17,3,1,GOOG
389,20-07-18,1,0,GOOG
390,20-07-19,3,158,GOOG
391,20-07-20,2,3,GOOG
392,20-07-21,1,1,GOOG
393,20-07-22,0,0,GOOG
394,20-07-23,2,2,GOOG
395,20-07-24,5,39,GOOG
396,20-07-25,2,2,GOOG
397,20-07-26,1,1,GOOG
398,20-07-27,1,0,GOOG
399,20-07-28,0,0,GOOG
400,20-07-29,1,1,GOOG
401,20-07-30,1,0,GOOG
402,20-07-31,9,370,GOOG
403,20-08-01,3,135,GOOG
404,20-08-02,0,0,GOOG
405,20-08-03,1,7,GOOG
406,20-08-04,2,1,GOOG
407,20-08-05,2,1,GOOG
408,20-08-06,2,13,GOOG
409,20-08-07,2,1,GOOG
410,20-08-08,1,33,GOOG
411,20-08-09,1,2,GOOG
412,20-08-10,0,0,GOOG
413,20-08-11,2,1,GOOG
414,20-08-12,1,1,GOOG
415,20-08-13,4,32,GOOG
416,20-08-14,3,6,GOOG
417,20-08-15,0,0,GOOG
418,20-08-16,1,1,GOOG
419,20-08-17,4,139,GOOG
420,20-08-18,0,0,GOOG
421,20-08-19,0,0,GOOG
422,20-08-20,1,86,GOOG
423,20-08-21,1,3,GOOG
424,20-08-22,2,9,GOOG
425,20-08-23,0,0,GOOG
426,20-08-24,0,0,GOOG
427,20-08-25,0,0,GOOG
428,20-08-26,6,38,GOOG
429,20-08-27,2,64,GOOG
430,20-08-28,3,2,GOOG
431,20-08-29,1,1755,GOOG
432,20-08-30,2,18,GOOG
433,20-08-31,0,0,GOOG
434,20-09-01,2,1,GOOG
435,20-09-02,0,0,GOOG
436,20-09-03,0,0,GOOG
437,20-09-04,0,0,GOOG
438,20-09-05,0,0,GOOG
439,20-09-06,0,0,GOOG
440,20-09-07,0,0,GOOG
441,20-09-08,0,0,GOOG
442,20-09-09,0,0,GOOG
443,20-09-10,0,0,GOOG
444,20-09-11,0,0,GOOG
445,20-09-12,0,0,GOOG
446,20-09-13,0,0,GOOG
447,20-09-14,0,0,GOOG
448,20-09-15,1,1,GOOG
449,20-09-16,2,34,GOOG
450,20-09-17,0,0,GOOG
451,20-09-18,0,0,GOOG
452,20-09-19,1,1,GOOG
453,20-09-20,1,7,GOOG
454,20-09-21,0,0,GOOG
455,20-09-22,0,0,GOOG
456,20-09-23,0,0,GOOG
457,20-09-24,0,0,GOOG
458,20-09-25,1,52,GOOG
459,20-09-26,0,0,GOOG
460,20-09-27,0,0,GOOG
461,20-09-28,0,0,GOOG
462,20-09-29,2,2083,GOOG
463,20-09-30,0,0,GOOG
464,20-10-01,0,0,GOOG
